intent,Answer
66q1,"According to the Maharashtra Land Revenue Code, 1966, the procedure for determining non-agricultural assessment of lands in non-urban areas involves the Collector dividing the village into two classes (Class I and Class II) based on market values of lands, considering factors like the situation of the lands, the non-agricultural purpose for which they are used, and the advantages and disadvantages attached to them. The lands in Class I are assessed at a rate not exceeding ten paise per square meter per year, while lands in Class II are assessed at a rate not exceeding five paise per square meter per year. The assessment should not be less than the agricultural assessment that may be leviable on such land."
66q2,"The Collector classifies villages in non-urban areas into Class I and Class II based on the market values of lands, taking into consideration factors such as the situation of the lands, the non-agricultural purpose for which they are used, and the advantages and disadvantages associated with them. This classification is done through a notification in the Official Gazette, subject to the approval of the Commissioner."
66q3,"Areas of a village or group of villages that have been designated as ""urban areas"" under the Maharashtra Land Revenue Code (Amendment) Act, 2003, will cease to be urban areas on the date of coming into force of the Act. They will be deemed to be Class I villages for the purposes of assessing non-agricultural assessment under the Code. However, this change does not affect any tax liabilities that have already been assessed and accrued prior to the date of the Act. Additionally, any taxes already levied and paid before the Act's date in respect of the notified urban area will not be refunded."
66q4,"The Collector assesses lands falling in Class I according to the non-agricultural purpose for which they are used at a rate not exceeding ten paise per square meter per year. For lands falling in Class II, they are assessed at a rate not exceeding five paise per square meter per year. These assessments are based on the market value of the lands used for non-agricultural purposes, ensuring that the assessment is not less than the agricultural assessment that may be leviable on such land."
66q5,"The Collector partitions urban areas into blocks based on the market value of lands, taking into consideration factors such as the situation of the lands, the non-agricultural purposes for which they are used, and the advantages and disadvantages associated with them."
66q6,The non-agricultural assessment on lands in each block in an urban area should not exceed three percent of the full market value when used as a building site.
66q7,"The State Government has the authority to determine the standard rate of non-agricultural assessment in urban areas according to the Maharashtra Land Revenue Code, 1966."
66q8,"The full market value of land for the purpose of determining non-agricultural assessment in urban areas is estimated based on the land rates as determined and issued in the form of the Annual Statement of rates by the Chief Controlling Revenue Authority under the Bombay Stamp (Determination of True Market Value of Property) Rules, 1995, framed under the Bombay Stamp Act, 1958."
66q9,"The determination of the true market value of property for the purpose of non-agricultural assessment in urban areas according to the Maharashtra Land Revenue Code, 1966, is based on the land rates determined and issued in the form of the Annual Statement of rates by the Chief Controlling Revenue Authority under the Bombay Stamp (Determination of True Market Value of Property) Rules, 1995, framed under the Bombay Stamp Act, 1958."
66q10,"The changes made to the Maharashtra Land Revenue Code, 1966 regarding the assessment rates for lands in non-urban and urban areas include the classification of villages into Class I and Class II based on market values, the assessment rates for lands in Class I and Class II, the division of urban areas into blocks, the limitation on non-agricultural assessment in urban areas not exceeding three percent of the full market value, and the power of the Collector to fix the standard rate of non-agricultural assessment. These changes were made through amendments like Mah. 21 of 2003, Mah. 24 of 2007, Mah. 23 of 1999, and others."
67q1,The first guaranteed period for the standard rate of non-agricultural assessment commenced on the first day of August 1979 and expired on the 31st day of July 1991.
67q2,"Yes, the State Government can extend the guaranteed period for the standard rate of non-agricultural assessment in urban areas, but the extended period should not be more than five years. This information is based on the Maharashtra Land Revenue Code of 1966."
67q3,"For the guaranteed period commencing from August 1, 2001, the maximum limit for the rates of non-agricultural assessment in municipal corporation areas is three times the non-agricultural assessment rate of 1991 for already assessed cases and six times the non-agricultural assessment rate of 1991 for cases to be assessed. In the rest of the State, the maximum limit is two times the non-agricultural assessment rate of 1991 for already assessed cases and four times the non-agricultural assessment rate of 1991 for cases to be assessed."
67q4,The standard rate of non-agricultural assessment will be deemed due for revision at any time on and after the 1st day of August 1979 if it was fixed or revised before that date.
67q5,The standard rate of non-agricultural assessment should be revised as soon as possible after the commencement of the next guaranteed period.
67q6,"At the commencement of the next guaranteed period, the standard rate of non-agricultural assessment shall be revised as soon as possible. The revised rate shall be deemed to have come into force with effect from the commencement of the next guaranteed period."
67q7,"The sub-sections that were substituted for the original sub-section (2) by Mah. 8 of 1979 are sub-sections (2), (2A), (2B), and (2C)."
67q8,"The proviso inserted after the existing proviso by Mah. 23 of 1999 was related to the extension of the guaranteed period for all or any block in any urban area, with the condition that the extended period should not exceed five years."
67q9,"The rates of non-agricultural assessment for the guaranteed period of five years commencing from August 1, 2001, were specified in sub-section (2C) of the Maharashtra Land Revenue Code in 2002."
67q10,The sub-section inserted by Mah. 9 of 2002 is sub-section (2C).
68q1,"The Maharashtra Land Revenue Code, 1966 is a piece of legislation that deals with various aspects related to land revenue in the state of Maharashtra, India. It includes provisions regarding the assessment of lands used for non-agricultural purposes, rates of assessment for different types of land use in urban areas, and the process for determining and publishing these rates. The code also covers the collection of non-agricultural assessment and specific provisions for certain types of land use such as residential building, industry, and commerce."
68q2,"The rate of assessment for lands used for non-agricultural purposes in urban areas is determined as follows:

1. For lands used for residential building purposes, the rate is the standard rate of non-agricultural assessment.
2. For lands used for industrial purposes, the rate is one and a half times the standard rate of non-agricultural assessment.
3. For lands used for commercial purposes, the rate is thrice the standard rate in certain municipal corporation areas and twice the standard rate in other urban areas.
4. For lands used for any other non-agricultural purpose, the rate is fixed by the Collector, not less than the standard rate and not exceeding one and a half times that rate, taking into account the situation and special advantages or disadvantages of the land."
68q3,"When fixing the non-agricultural assessment rate for lands used for non-agricultural purposes other than residential building, industry, or commerce, the factors taken into consideration include the situation of the land and any special advantages or disadvantages attached to such lands. The rate should not be less than the standard rate of non-agricultural assessment and should not exceed one and one-half times that standard rate."
68q4,A land needs to be used for any non-agricultural purpose for a period of six months or less for the non-agricultural assessment to be half of the fixed rate.
68q5,"The non-agricultural assessment starts being levied on land used for non-agricultural purposes from the date on which the land is actually used for a non-agricultural purpose, as per the Maharashtra Land Revenue Code, 1966."
68q6,"The Maharashtra Land Revenue Code, 1966 provides that the non-agricultural assessment for co-operative societies and housing boards established under any law for the time being in force in the state shall be levied with effect from the date on which any land is actually used for a non-agricultural purpose."
68q7,"According to the Maharashtra Land Revenue Code, 1966, the standard rate of non-agricultural assessment is fixed or revised by the Collector. Once fixed or revised, the standard rate is published in the Official Gazette and in other prescribed manners before being brought into force. The rate of assessment for lands used for different non-agricultural purposes in urban areas is determined based on specific criteria outlined in the code."
68q8,"Publishing the standard rate of non-agricultural assessment in the Official Gazette and other prescribed manners before bringing them into force is significant because it ensures transparency and provides public notice. This allows individuals and entities to be informed about the rates that will apply to non-agricultural lands, giving them the opportunity to understand and prepare for any changes that may affect them. It also helps in maintaining accountability and adherence to legal procedures."
69q1,"According to the Maharashtra Land Revenue Code, 1966, lands used for various purposes are exempt from payment of non-agricultural assessment. These include lands used for agricultural purposes subsidiary to agriculture, purposes connected with the disposal of the dead, public worship, educational or charitable purposes, personal bona fide residential purposes in non-urban areas, and lands converted to non-agricultural use for residential building in non-urban areas as specified by the State Government."
69q2,"The State Government can revoke the exemption of a land from non-agricultural assessment if the land is being used for a purpose other than the one for which the exemption was provided. In such a case, the land would then become liable to pay the non-agricultural assessment according to the provisions of the Maharashtra Land Revenue Code."
69q3,"Agricultural lands in non-urban areas can be exempt from non-agricultural assessment for personal residential purposes under sub-section (2) of section 42 of the Maharashtra Land Revenue Code, 1966 if they are used for personal bona fide residential purposes."
69q4,"A land that was previously exempt from non-agricultural assessment can become liable for payment if it is used for any purpose other than the specific purposes for which the exemption was provided. In such cases, the State Government can direct that the land ceases to be exempt, making it subject to payment of the assessment and potentially a fine as directed by the Collector."
69q5,"The Maharashtra Land Revenue Code, 1966 allows the Collector to determine and register the proper full non-agricultural assessment on lands that are wholly exempt from payment of such assessment. This means that even if the land is exempt from the assessment, the Collector can still assess it and register the assessment."
69q6,"The non-agricultural assessments fixed on lands and in force in any part of the State immediately before the commencement of the Code are deemed to have been fixed under the provisions of the Code. They are considered to continue to remain in force during the whole period for which the assessment was fixed, and thereafter until the assessment is revised under the provisions of the Code."
70q1,"The Maharashtra Land Revenue Code, 1966 Chapter VIII is about lands within the sites of villages, towns, and cities. It covers the application of the chapter, the determination of limits of village sites, exemptions from land revenue in certain cases, the process for determining exemptions by the Collector, specific exemptions for Pardi and wada lands, and the survey of lands within village sites."
70q2,"The Collector or a survey officer acting under the general or special orders of the State Government has the authority to determine the limits of the sites of villages, towns, and cities under this Chapter."
70q3,"No land revenue shall be levied on lands within the sites of villages, towns, or cities in the following cases:
1. Lands exempted from payment of assessment immediately before the commencement of the Maharashtra Land Revenue Code, 1966, under previous laws or by custom, usage, grant, sanad, order, or agreement.
2. Residential building sites within the sites of a village, town, or city that is a non-urban area."
70q4,"Claims to exemption from land revenue under this Chapter are determined by the Collector after a summary inquiry. The Collector's decision is final, subject to the possibility of contesting the validity of the order by instituting a civil suit within a period of two years from the date of the order."
70q5,"According to Section 125 of the Maharashtra Land Revenue Code, 1966, Pardi land not exceeding one-fourth of an acre, and wada land used only for an agricultural purpose or a purpose subsidiary or ancillary thereto, are exempt from the payment of land revenue."
70q6,"If the State Government directs a survey of lands within the site of any village, town, or city under this Chapter, the survey shall be conducted, and all its operations shall be regulated according to the provisions of Chapters V and IX of the Maharashtra Land Revenue Code, 1966."
70q7,"The process for conducting a survey of lands other than those used for agricultural purposes within the site of a village, town, or city under this Chapter is regulated according to the provisions of Chapters V and IX of the Maharashtra Land Revenue Code, 1966. The specific details of the process, including the operations involved, are outlined within these chapters of the code."
70q8,"Yes, there are specific exemptions or regulations for towns or cities with a population of more than two thousand persons in relation to land surveys under this Chapter. The provision states that in such towns or cities, certain sections of the Code, namely section 80, 81, or 133, do not apply to any survey conducted within the site of the village, town, or city."
71q1,"The Maharashtra Land Revenue Code, 1966 is a legal document that outlines regulations related to land revenue, surveys, and the granting of sanads (land ownership documents) in Maharashtra. It includes provisions for survey fees, mapping of village sites, the issuance of sanads, and procedures for alterations in land holdings."
71q2,"A survey fee is charged to holders of building sites in villages, towns, or cities with a population of more than two thousand persons when a survey is extended to the site of the village, town, or city."
71q3,"The amount of survey fee payable under the Maharashtra Land Revenue Code, 1966 is regulated by the Collector in accordance with rules made by the State Government in this behalf."
71q4,"According to the Maharashtra Land Revenue Code, 1966, the process for granting a sanad to holders of building sites involves the following steps:

1. After a survey is conducted under section 126, every holder of a building site is entitled to receive a sanad without extra charge. The sanad specifies the extent and conditions of the holding.
2. If a holder is required to pay a survey fee, they will receive the sanad without extra charge. If no survey fee is required, the holder can obtain the sanad by paying a fee of one rupee per sanad.
3. The sanad is executed on behalf of the Governor by a designated person.
4. If a holder does not apply for the sanad within one year from the date of the public notice issued by the Collector, they may be required to pay an additional fee.
5. If there are any alterations to the holding, the holder can obtain a fresh sanad or have the existing sanad amended by paying a correction fee.

Additionally, if a holder loses their sanad, they can request a copy of the sanad by paying the prescribed charges or fees."
71q5,"Duplicate sanads may be granted to holders of building sites if the holder informs the Collector that the original sanad granted to them has been lost or destroyed by accident. In such cases, a copy of the sanad granted under section 129 or section 130 may be given to the holder on payment of prescribed charges or fees."
71q6,The results of the survey operations conducted under section 126 are recorded in maps and registers as prescribed by the State Government.
71q7,"The provision for preparing a map of a village site as per the Maharashtra Land Revenue Code, 1966 is that if any village panchayat passes a resolution that a map of a village-site should be prepared showing the plots occupied by the holders and is willing to contribute to the cost of preparing such maps, the State Government may undertake the preparation of such maps."
71q8,"After a survey under section 126 has been completed, holders of building sites are entitled to receive one or more sanads without extra charge. The sanad will specify the extent and conditions of their holding. If a holder is required to pay a survey fee, they can receive the sanad without extra charge. If a holder is not required to pay a survey fee, they can receive the sanad by paying a fee of one rupee per sanad. If a holder does not apply for the sanad within one year from the date of the public notice issued by the Collector, they may be required to pay an additional fee. Additionally, if a holder's holding is altered in any way, they can receive a fresh sanad or have the existing sanad amended by paying a correction fee. If a holder loses their sanad, they can request a copy by paying prescribed charges or fees."
71q9,"After a survey has been conducted under section 126 and sanads have been granted under section 129, if there are alterations to a building site holding such as increase, decrease, sub-division, alteration of tenure, or any other changes, the holder is entitled to obtain a fresh sanad. To do this, the holder must pay a correction fee determined by regulations set by the Collector with the approval of the Commissioner for each village, city, or town. Upon payment of this correction fee, the holder can receive a new sanad in the form of Schedule C or a similar document that specifies the extent and conditions of the altered holding. Alternatively, the holder can request to have the existing sanad issued under section 129 to be amended by the Collector to reflect the changes in the holding."
71q10,"The procedure for obtaining a copy of a lost or destroyed sanad as per the Maharashtra Land Revenue Code, 1966 is as follows:

If any holder informs the Collector that the sanad granted to him has been lost or destroyed by accident, a copy of the sanad granted to him under section 129 or section 130 may be given to him on payment of such charges or fees, if any, as may be prescribed."
72q1,"According to the Maharashtra Land Revenue Code, the boundaries of villages and survey numbers in villages are fixed and demarcated by boundary marks. The boundaries of villages are determined by survey officers or other officers appointed by the State Government after holding a formal inquiry where village officers and all interested parties can appear and produce evidence. If there are disputes regarding boundaries, they are decided by the Collector after a formal inquiry where all interested parties can present evidence."
72q2,"The boundaries of survey numbers in the districts of Nagpur, Chanda, Wardha, Bhandara, and Melghat Taluka of the Amravati District are fixed and demarcated by boundary marks as directed by the State Government."
72q3,"Disputes regarding village boundaries are resolved according to the Maharashtra Land Revenue Code, 1966 by survey officers or other officers appointed by the State Government for this purpose. They conduct a formal inquiry where village officers and all interested parties have the opportunity to appear and present evidence. If the dispute is not resolved at this level, the Collector may decide on the matter after holding a formal inquiry where all parties involved can present evidence."
72q4,"If at the time of a survey the boundary of a field or holding is disputed or if the holder is not present, it shall be fixed by the survey officer according to the land records and occupation as ascertained from the village officers and holders of adjoining lands. The survey officer may also rely on other evidence or information that they are able to procure to determine the boundary in such cases."
72q5,Disputes concerning village boundaries or survey numbers that have not been surveyed are decided by the Collector after holding a formal inquiry where village officers and all interested parties have the opportunity to appear and produce evidence.
72q6,"A party interested in demarcating the boundaries of a survey number or sub-division can apply for demarcation by submitting an application to the Collector. The Collector has the authority to demarcate the boundaries of the survey number or sub-division and construct boundary marks accordingly. The State Government may have specific rules in place for regulating the procedure of demarcation, including the nature of boundary marks to be used and the possibility of levying fees from the holders of land in the demarcated area."
72q7,The State Government can make rules regarding the procedure of the Collector in demarcating the boundaries of a survey number or sub-division. These rules can prescribe the nature of the boundary marks to be used and authorize the levy of fees from the holders of land in a demarcated survey number or sub-division.
72q8,"Demarcated survey numbers and sub-divisions are treated as regular survey numbers for the purposes of sections 132, 135, 139, and 140 of the Maharashtra Land Revenue Code."
73q1,"The Maharashtra Land Revenue Code, 1966 is a legal document that governs various aspects related to land revenue in the state of Maharashtra, India. It includes provisions for matters such as land ownership, boundaries, cultivation, compensation, and other related issues."
73q2,"To regularize or straighten out the boundaries of their fields or holdings in a village according to the Maharashtra Land Revenue Code, 1966, a person (referred to as the applicant) must make an application to the Survey Officer. The application should include a sketch showing the boundaries of the field or holding and the names of holders adjoining it. If the Survey Officer deems it expedient to straighten out the boundaries, a plan will be prepared to revise the boundaries. If all parties agree to the plan, the boundaries will be revised accordingly. If there is no mutual agreement, the amount of compensation to be paid or recovered by each person concerned will be decided by a village committee or a committee nominated by the Survey Officer. The decision of the committee will be final and binding on all parties."
73q3,"To apply for boundary revision under the Maharashtra Land Revenue Code, 1966, a person (referred to as the applicant) must follow these steps:

1. The applicant must make an application to the Survey Officer with a sketch showing the boundaries of the field or holding, along with the names of holders adjoining the area.
2. The Survey Officer will review the application and, if deemed expedient for better cultivation and maintenance of boundary marks, may prepare a plan to revise the boundaries.
3. The plan will include provisions for compensation to persons who may suffer a loss of land due to the revision.
4. If the applicant and affected parties agree to the plan, the boundaries will be revised accordingly, and the agreement will be binding.
5. In case of disagreement on compensation, the Survey Officer will refer the matter to a village committee or a committee nominated by the Survey Officer for a final decision.
6. The decision on compensation by the committee will be final and binding on all parties.
7. Once the boundaries are fixed under this process, it will be considered a settlement of boundaries for the purposes of the Maharashtra Land Revenue Code, 1966.

This outlines the general process for applying for boundary revision under the specified code."
73q4,"The Survey Officer determines the compensation for persons who may suffer loss of land due to boundary revision by following the provisions of section 23 of the Land Acquisition Act, 1894. The amount of compensation is determined by the Survey Officer in accordance with this Act as far as practicable."
73q5,"If there is a lack of mutual agreement on the amount of compensation to be paid or recovered by each person concerned, the Survey Officer will refer the question to a village committee or a committee nominated by the Survey Officer. The decision of the village committee or the committee nominated by the Survey Officer will be final and binding on all the parties concerned. The amount of compensation payable by the applicant will then be recoverable from them as an arrear of land revenue."
73q6,"The decision of the village committee or the committee nominated by the Survey Officer is significant because it is final and binding on all the parties concerned. This means that once a decision is made regarding the amount of compensation to be paid or recovered by each person involved, it cannot be challenged or appealed. Additionally, the amount of compensation determined by the committee is recoverable from the parties as an arrear of land revenue."
73q7,"The boundary is deemed to be settled under section 138 of the Maharashtra Land Revenue Code, 1966, when the Survey Officer prepares a plan to revise the boundaries of the field or holding, and if the applicant and the persons who suffer loss of land agree to the plan. If there is mutual agreement, the Survey Officer records their agreement, revises the boundaries, and fixes them accordingly. This agreement is binding on the applicant and the persons involved, and the compensation payable by any person under the agreement is recoverable as an arrear of land revenue."
73q8,"The Maharashtra Land Revenue Code, 1966 ensures that the revised boundaries are final and binding on all parties concerned through the following steps:

1. If the applicant and the persons who suffer loss of land agree to the plan prepared by the Survey Officer, their agreement is recorded, and the boundaries are revised and fixed accordingly. This agreement is binding on the applicant and the persons involved.

2. In the absence of mutual agreement, the Survey Officer refers the question of the amount of compensation to be paid or recovered by each person concerned to a village committee or a committee nominated by the Survey Officer. The decision of these committees is final and binding on all parties involved.

3. Once the decision is given by the committee, the plan prepared by the Survey Officer becomes final in relation to the revision of boundaries. The boundaries are then deemed to be fixed accordingly.

Overall, the process outlined in the code ensures that the revised boundaries are final and binding by involving the parties in decision-making and having a structured process for resolving disputes."
73q9,"The Survey Officer plays a crucial role in the process of boundary revision under the Maharashtra Land Revenue Code, 1966. They are responsible for assessing applications from individuals looking to regularize or straighten out boundaries of their fields or holdings. The Survey Officer may prepare a plan to revise the boundaries based on the application, subject to certain provisions. They also determine compensation for individuals who may suffer loss of land due to the boundary revision. Additionally, the Survey Officer facilitates agreements between the applicant and affected parties, and if there is no mutual agreement, they refer the matter to a village committee or a committee nominated by the Survey Officer for a final decision on compensation. Ultimately, the Survey Officer ensures that the revised boundaries are fixed and deemed final for the purposes of the law."
73q10,"The Maharashtra Land Revenue Code, 1966 addresses the issue of boundary disputes by allowing individuals to apply to the Survey Officer to regularize or straighten out the boundaries of their fields or holdings. If the Survey Officer deems it necessary, a plan can be prepared to revise the boundaries, taking into account the interests of better cultivation and easier maintenance of boundary marks. 

In terms of ensuring fair compensation for all parties involved, if there is mutual agreement on the plan, the boundaries can be revised accordingly, and the compensation amount determined by the Survey Officer will be binding on all parties. If there is no mutual agreement, the Survey Officer will refer the question of compensation to a village committee or a committee nominated by the Survey Officer, and their decision will be final and binding on all parties. The compensation amount determined will be recoverable as an arrear of land revenue."
74q1,"The Maharashtra Land Revenue Code of 1966 is a legal document that governs land revenue matters in the state of Maharashtra, India. Its purpose is to regulate issues related to land revenue, boundaries, land ownership, and related matters within the state. The code provides guidelines and procedures for settling boundaries, determining land rights, constructing and maintaining boundary marks, and other aspects related to land administration and revenue collection."
74q2,"The effect of the settlement of a boundary under Chapter 138 of the Maharashtra Land Revenue Code is that it determines the proper position of the boundary line or boundary marks and establishes the rights of the landholders on either side of the boundary in relation to the land adjudged to appertain or not to appertain to their respective holdings. Additionally, the Collector has the authority to summarily evict any landholder wrongfully in possession of land that has been adjudged in the settlement not to belong to their holding. An order of ejectment is subject to appeal and revision, and a person ejected can institute a civil suit within a specified period to establish their title to the land."
74q3,The Collector has the authority to summarily evict any landholder who is wrongfully in possession of land that has been adjudged in the settlement of a boundary not to appertain to their holding or the holding of any person through or under whom they claim.
74q4,"If a person is wrongfully evicted from land following a boundary settlement, they have the recourse to institute a civil suit within a period of one year from the date of the ejectment or the settlement of the boundary to establish their title to the land. This is mentioned in section 138(4) of the Maharashtra Land Revenue Code, 1966. The order of ejectment can be challenged through a civil suit, but it's important to note that the State Government, Collector, or any Revenue or Survey Officer cannot be made a party to such a suit."
74q5,"Survey Officers, as authorized by a Superintendent of Land Records or Settlement Officer, have the role of specifying, constructing, laying out, maintaining, or repairing boundary marks and survey marks of villages, survey numbers, or sub-divisions of survey numbers. They can assess charges incurred for these activities on the holders or others with an interest in the land. Additionally, Survey Officers can issue written notices to landholders to carry out these tasks within a specified time, and if they fail to do so, the Survey Officer can undertake the construction, laying out, or repair and assess charges accordingly. The description, manner, dimensions, materials, and other specifications of the boundary marks and survey marks are determined by the Superintendent of Land Records, subject to rules set by the State Government."
74q6,"The boundary marks and survey marks must be of a specific description, constructed, laid out, maintained, or repaired in a particular manner, and be of certain dimensions and materials. These specifics are determined by the Superintendent of Land Records according to factors like soil, climate, durability, and cost-effectiveness of materials, subject to rules made by the State Government."
74q7,"Landholders can be required to construct, maintain, or repair boundary marks or survey marks on their land according to the Maharashtra Land Revenue Code by a Survey Officer authorized by a Superintendent of Land Records or Settlement Officer. The officer can issue a written notice to the landholders specifying the work needed to be done and a deadline for completion. If the landholders fail to comply, the Survey Officer has the authority to carry out the construction, layout, maintenance, or repair themselves and assess charges on the landholders for the incurred expenses."
74q8,"An order of ejectment under the Maharashtra Land Revenue Code can be appealed or revised according to the provisions of the Code. The process involves the following steps:

1. If a person has been wrongfully evicted from land due to a settlement of a boundary, they can appeal the order of ejectment within one year from the date of the ejectment or the settlement of the boundary by instituting a civil suit to establish their title to the land.

2. The State Government, the Collector, or any Revenue or Survey Officer should not be made a party to such a civil suit.

3. If a civil suit is filed against the order of ejectment, the order will not be subject to further appeal or revision.

4. The Collector may make an order for the redistribution of land revenue based on the decision of the appeal or revision or the civil suit. This redistribution will take effect from the beginning of the revenue year following the date of the order.

It's important to note that the specific details and procedures for appealing or revising an order of ejectment may vary, so it's advisable to consult the Maharashtra Land Revenue Code or seek legal advice for accurate guidance."
74q9,"The Collector has the authority to redistribute land revenue based on the outcome of an appeal, revision, or civil suit as per the Maharashtra Land Revenue Code, 1966. This authority is granted to the Collector to make such redistribution as a result of the decision of the appeal, revision, or civil suit. The redistribution of land revenue takes effect from the beginning of the revenue year following the date of the order made by the Collector."
74q10,"Boundary marks and survey marks play a crucial role in determining land ownership and revenue assessment under the Maharashtra Land Revenue Code. These marks help in settling boundaries between different land holdings, which in turn determines the proper position of boundary lines and marks the rights of landholders on either side of the boundary. Additionally, these marks are used to assess charges incurred for constructing, maintaining, or repairing them, with the responsibility falling on the landholders or those with an interest in the land. The description, construction, and maintenance of these marks are regulated by rules set by the State Government to ensure accuracy and consistency in land demarcation and revenue assessment."
75q1,"According to the Maharashtra Land Revenue Code, 1966, every landholder is responsible for the maintenance and good repair of the boundary marks and survey marks of their holding."
75q2,The duty of Village Officers and servants is to prevent the destruction or unauthorized alteration of village boundary marks or survey marks.
75q3,"When a survey is introduced into a district, the responsibility for the maintenance and repair of boundary marks and survey marks devolves on the Collector. It becomes the duty of the Collector to take measures for their construction, laying out, maintenance, and repair. The powers conferred on Survey Officers by the relevant section then vest in the Collector for this purpose."
75q4,The obligations of a landholder adjoining a village road include demarcating the boundary between their land and the village road with boundary marks and repairing or renewing those boundary marks from time to time. Failure to fulfill these obligations may result in the Collector taking action to demarcate or repair the boundary marks at the landholder's cost.
75q5,"If a landholder fails to demarcate boundaries or repair boundary marks as required, the Collector may, after giving notice, cause the boundary to be demarcated or the boundary marks to be repaired or renewed at the landholder's cost. The cost incurred can be recovered as arrears of land revenue. Additionally, in case of any dispute regarding the demarcation or maintenance of the boundary marks, the Collector's decision will be final."
75q6,"For the purposes of demarcation and maintenance of boundary marks in the Maharashtra Land Revenue Code, the term ""village road"" is defined as a road which bears an indicative Khasra number in certain districts like Nagpur, Chanda, Wardha, Bhandara, and Melghat taluka in the Amravati District. In the rest of the State, a village road is defined as a road that has been recorded in the record of rights or village maps."
75q7,"The Tahsildar has the authority to inquire into and decide claims by persons holding land in a survey number to a right of way over the boundaries of other survey numbers. The Tahsildar must consider the needs of cultivators for reasonable access to their fields when making such decisions. The decision of the Tahsildar under this section is subject to appeal and revision according to the provisions of the Maharashtra Land Revenue Code, 1966."
75q8,"When deciding claims for a right of way over boundaries in accordance with the Maharashtra Land Revenue Code, the Tahsildar considers the needs of cultivators for reasonable access to their fields."
75q9,"If a person is aggrieved by a decision of the Tahsildar under the provisions of the Maharashtra Land Revenue Code, they have the option to institute a civil suit within a period of one year from the date of the decision to have it set aside or modified. The decision of the Tahsildar can be challenged through a civil suit in this case."
75q10,A decision of the Tahsildar regarding a right of way over boundaries is not subject to appeal or revision when a civil suit has been instituted against the Tahsildar's decision.
76q1,"The duty of the Collector in relation to demarcation of boundaries in areas under town planning schemes or improvement schemes is to alter the boundaries fixed and demarcated under the provisions of the Maharashtra Land Revenue Code, 1966 to accord with the plots reconstituted or laid out under such schemes. The Collector may cause boundary marks to be erected, constructed, and laid out for this purpose."
76q2,"The penalty for wilfully erasing, removing, or injuring a boundary mark or survey mark is a fine not exceeding one hundred rupees for each mark that is erased, removed, or injured."
76q3,"The State Government can exempt certain villages or classes of villages from the provisions of Chapter X of the Maharashtra Land Revenue Code, 1966 by issuing a notification in the Official Gazette."
76q4,"The particulars included in a record of rights maintained in every village are:

- The names of all persons (other than tenants) who are holders, occupants, owners, or mortgagees of the land or assignees of the rent or revenue thereof.
- The names of all persons who are holding as Government lessees or tenants, including tenants within the meaning of relevant tenancy law.
- The nature and extent of the respective interests of such persons and the conditions or liabilities, if any, attaching thereto.
- The rent or revenue, if any, payable by or to any of such persons.
- Such other particulars as prescribed by the State Government through rules made in this regard, either generally or for specific areas."
76q5,"A person acquiring rights as a holder, occupant, owner, mortgagee, landlord, Government lessee, or tenant of land should report their acquisition to the Talathi within three months from the date of such acquisition. This report can be made orally or in writing. The Talathi should then provide a written acknowledgment of the receipt of the report to the person making it."
77q1,"The Maharashtra Land Revenue Code, 1966 is a legal document that outlines regulations and procedures related to land revenue in the state of Maharashtra, India. It includes provisions regarding the registration of mutations (changes in ownership or rights), reporting requirements for acquiring rights, the role of the Talathi (revenue officer), and the resolution of disputes related to land ownership. The code also specifies rules for transferring entries from the register of mutations to the record of rights."
77q2,"According to the Maharashtra Land Revenue Code, 1966, the responsibility of reporting mutations to the Talathi lies with the person acquiring the right, unless they are a minor or otherwise disqualified, in which case their guardian or person in charge of their property should make the report. If the person acquires the right with the permission of the Collector or by virtue of a registered document, they are exempt from the obligation to report to the Talathi."
77q3,A person acquiring a right with the permission of the Collector or by virtue of a registered document is exempt from the obligation to report to the Talathi.
77q4,"Explanation I of the Maharashtra Land Revenue Code, 1966 mentions that the rights include a mortgage without possession, but do not include an easement or a charge not amounting to a mortgage of the kind specified in section 100 of the Transfer of Property Act, 1882."
77q5,"The Talathi is responsible for entering reports of mutations in a register, posting a copy of the entry in a conspicuous place, and providing written intimation to all interested parties. Additionally, the Talathi must record objections to entries in a register of disputed cases and ensure that disputes are resolved within a year by a designated Revenue or Survey Officer. The Talathi plays a crucial role in the registration process and management of disputed cases related to mutations."
77q6,"When any objection to any entry made in the register of mutations is made either orally or in writing to the Talathi, it is the duty of the Talathi to enter the particulars of the objections in a register of disputed cases. The Talathi must give a written acknowledgment for the objection to the person making it in the prescribed form. Disputes entered in the register of disputed cases should be disposed of within one year by a Revenue or Survey Officer not below the rank of an Aval Karkun. Orders disposing of objections entered in the register of disputed cases shall be recorded in the register of mutations by the officer handling the case, following the rules prescribed by the State Government."
77q7,Disputes entered in the register of disputed cases are disposed of by a Revenue or Survey Officer not below the rank of an Aval Karkun.
77q8,Entries from the register of mutations are transferred to the record of rights subject to rules made by the State Government. The transfer is done after the entry has been duly certified.
77q9,The transfer of entries from the register of mutations to the record of rights is subject to rules made by the State Government. An entry in the register of mutations cannot be transferred to the record of rights until it has been duly certified. The process for this transfer is governed by rules set by the State Government.
77q10,"The Talathi plays a significant role in the implementation of the Maharashtra Land Revenue Code, 1966. They are responsible for maintaining a register of mutations, which includes recording reports of acquisitions or transfers of rights, as well as any objections to these entries. The Talathi must inform all interested parties of these mutations and objections. Additionally, disputes recorded in the register of disputed cases must be resolved within a year by a designated Revenue or Survey Officer. The Talathi's role is crucial in ensuring proper documentation and resolution of land-related matters as per the provisions of the Code."
78q1,"The Maharashtra Land Revenue Code of 1966 is a legal document that outlines regulations related to land revenue, record-keeping, and obligations of individuals regarding land rights, interests, and liabilities in the state of Maharashtra, India. It includes provisions for maintaining registers of mutations, tenancies, and land records, as well as rules for furnishing information, producing documents, and issuing booklets containing copies of the record of rights pertaining to agricultural land. The code also specifies procedures for certification of entries, acknowledgments of information or documents provided, and the collection of fees for preparing and maintaining booklets."
78q2,Entries in the register of mutations shall be certified by any Revenue or Survey Officer not below the rank of an Aval Karkun in such manner as may be prescribed.
78q3,"The obligation of a person whose rights, interests, or liabilities are required to be entered in a record or register is to furnish or produce, upon requisition by a Revenue Officer or Talathi, all necessary information or documents needed for the correct compilation or revision of the record or register within one month from the date of requisition."
78q4,"A holder of agricultural land can obtain a booklet containing a copy of the record of rights pertaining to their land by making a written application to the Talathi. Upon making the application, the Talathi will provide the booklet containing the necessary information as prescribed by the State Government. The booklet will include details about the land, payment of land revenue, cultivation details, and other relevant information. The process of obtaining and maintaining the booklet is governed by rules set by the State Government."
78q5,"The booklet provided to holders of agricultural land contains a copy of the record of rights pertaining to the land, information about the payment of land revenue and other government dues, details about the cultivation of the land, areas of crops sown, and any other matters as prescribed by the State Government."
78q6,"The Commissioner can specify the storage device for preparation, maintenance, and updation of all registers and documents under section 148A."
78q7,The State Government may direct that a register of tenancies shall be maintained in such manner and under such procedure as may be prescribed by rules made by the State Government. The specific procedure for maintaining a register of tenancies would be outlined in the rules established by the State Government for this purpose.
78q8,"Entries in the register of mutations are tested and, if found correct or after correction, they are certified by any Revenue or Survey Officer not below the rank of an Aval Karkun in a manner prescribed. Additionally, notice must be served on the parties concerned before certifying the entries."
78q9,"The role of a Revenue Officer or Talathi in the compilation or revision of records or registers includes requisitioning information or documents needed for correct compilation or revision, giving a written acknowledgment of information or documents received, endorsing the date of production on documents, and providing booklets containing copies of the record of rights to holders of agricultural land upon application. They also maintain registers of mutations and tenancies as prescribed by the State Government."
78q10,"The fees charged for preparing, issuing, and maintaining the booklet containing a copy of the record of rights for agricultural land holders may be specified in accordance with the rules made by the State Government. These fees may be retained by the Revenue Officer preparing, issuing, and maintaining the booklet, subject to any orders of the State Government."
79q1,"The Maharashtra Land Revenue Code of 1966 is a legal document that outlines rules and regulations related to land revenue in the state of Maharashtra, India. It includes provisions regarding the preparation, maintenance, and correction of land records, fines for neglecting to provide information, and other matters related to land ownership and revenue collection."
79q2,"The fine for neglecting to provide information or documents as required by the Maharashtra Land Revenue Code, 1966 is a maximum of five rupees, as specified in section 152 of the code."
79q3,"The information related to the record of rights, as per the Maharashtra Land Revenue Code, 1966, is presumed to be true until the contrary is proved or until the information is duly modified under the provisions of the Code and the rules made thereunder."
79q4,"A Revenue Officer or Talathi may, for the purpose of preparing or revising any map or plan required for or in connection with any record or register under the Maharashtra Land Revenue Code, exercise any of the powers of a Survey Officer under sections 80 and 81, except the power of assessing the cost of hired labor under section 81."
79q5,"Under the Maharashtra Land Revenue Code, costs for the preparation or revision of maps or plans can be assessed by any Revenue Officer of a rank not lower than an Assistant or Deputy Collector or a Survey Officer. These costs, including all contingent expenses, are assessed on the lands to which the maps or plans relate. The assessed costs are then recoverable as a revenue demand."
79q6,"When any document purporting to create, assign, or extinguish any title to, or any charge on, land used for agricultural purposes, or in respect of which a record of rights has been prepared is registered under the Indian Registration Act, 1908, the officer registering the document is required to send intimation to the Talathi of the village in which the land is situated and to the Tahsildar of the taluka. This intimation should be sent in the form and at the times prescribed by rules made under the Maharashtra Land Revenue Code."
79q7,The Collector has the authority to correct or cause to be corrected any clerical errors and errors in the record of rights or registers maintained under the Maharashtra Land Revenue Code.
79q8,"In addition to the map, registers, and record of rights, the Maharashtra Land Revenue Code, 1966 requires that such other land records as may be prescribed need to be prepared for each village. The specific details of these additional land records are not provided in the context provided."
80q1,"According to the Maharashtra Land Revenue Code, 1966, an entry in the record of rights and a certified entry in the register of mutations shall be presumed to be true until the contrary is proved or a new entry is lawfully substituted therefor."
80q2,"No, a suit cannot be filed against the State Government or any officer of the State Government in respect of a claim to have an entry made in any record or register that is maintained under this Chapter or to have any such entry omitted or amended."
80q3,"Until the record of rights of any area in the State is prepared in accordance with the provisions of the Maharashtra Land Revenue Code, 1966, the existing record of rights in force in that area under any law for the time being in force shall be deemed to be the record of rights prepared under this Code."
80q4,"The provisions of sections 161 to 167 of the Maharashtra Land Revenue Code, 1966 apply to those areas in the State to which corresponding provisions applied immediately before the commencement of this Code. Additionally, the State Government has the authority to apply these sections to other specified areas in the State through notification in the Official Gazette."
80q5,"A Nistar Patrak is a document that embodies a scheme of management of all unoccupied land in a village and all matters incidental to it. According to the Maharashtra Land Revenue Code, 1966, the following matters are required to be provided in a Nistar Patrak:

1. The terms and conditions on which grazing of cattle in the village will be permitted.
2. The terms and conditions on which and the extent to which any resident of the village may obtain:
   (a) wood, timber, fuel, or any other forest produce.
   (b) moram, kankar, sand, earth, clay, stones, or any other minor minerals."
